gbif_id,taxon_name,decimal_latitude,decimal_longitude
1039518196,Ovis ammon,38,73
1839211373,Ovis ammon,35.754648,93.597542
922490566,Ovis ammon,42.585445,76.387939
1839204923,Ovis ammon,33.578151,78.14601
1839207122,Ovis ammon,47.900392,91.189065
686335170,Ovis ammon,44.5816518053619,102.066543793796
665795811,Ovis ammon,44.583328,102.066673
665743917,Ovis ammon,46.5,93
1436969598,Ovis ammon,48,90
665794813,Ovis ammon,38,75
665794817,Ovis ammon,43.633335,83
